name,link
Earthrenew,https://www.finanznachrichten.de/nachrichten-aktien/earthrenew-inc.htm
Clean-power-capital,https://www.finanznachrichten.de/nachrichten-aktien/clean-power-capital-corp.htm
Tesla,https://www.finanznachrichten.de/nachrichten-aktien/tesla-inc.htm
Rock-tech-linthium,https://www.finanznachrichten.de/nachrichten-aktien/rock-tech-lithium-inc.htm
Powerhouse-energy-group,https://www.finanznachrichten.de/nachrichten-aktien/powerhouse-energy-group-plc.htm
Afc-energy,https://www.finanznachrichten.de/nachrichten-aktien/afc-energy-plc.htm
Bevcanna-enterprises,https://www.finanznachrichten.de/nachrichten-aktien/bevcanna-enterprises-inc.htm
Itm-power-plc,https://www.finanznachrichten.de/nachrichten-aktien/itm-power-plc.htm
Nel-asa,https://www.finanznachrichten.de/nachrichten-aktien/nel-asa.htm
Fuel-cell-energy,https://www.finanznachrichten.de/nachrichten-aktien/fuelcell-energy-inc.htm
Biontech,https://www.finanznachrichten.de/nachrichten-aktien/biontech-se-adr.htm
Moderna,https://www.finanznachrichten.de/nachrichten-aktien/moderna-inc.htm
Ascletis-pharma,https://www.finanznachrichten.de/nachrichten-aktien/ascletis-pharma-inc.htm
Alibaba,https://www.finanznachrichten.de/nachrichten-aktien/alibaba-group-holding-ltd-adr.htm
Zalando,https://www.finanznachrichten.de/nachrichten-aktien/zalando-se.htm
Byd,https://www.finanznachrichten.de/nachrichten-aktien/byd-co-ltd.htm
Xiaomi,https://www.finanznachrichten.de/nachrichten-aktien/xiaomi-corporation.htm
Spotify,https://www.finanznachrichten.de/nachrichten-aktien/spotify-technology-sa.htm
Plug-power,https://www.finanznachrichten.de/nachrichten-aktien/plug-power-inc.htm
Ballard-power,https://www.finanznachrichten.de/nachrichten-aktien/ballard-power-systems-inc.htm
Astra-zeneca,https://www.finanznachrichten.de/nachrichten-aktien/astrazeneca-plc.htm
Dynacert,https://www.finanznachrichten.de/nachrichten-aktien/dynacert-inc.htm
Quantafuel,https://www.finanznachrichten.de/nachrichten-aktien/quantafuel-as.htm
Nio,https://www.finanznachrichten.de/nachrichten-aktien/nio-inc-adr.htm
Apple,https://www.finanznachrichten.de/nachrichten-aktien/apple-inc.htm
Weichai-power,https://www.finanznachrichten.de/nachrichten-aktien/weichai-power-co-ltd.htm
Ynvisible,https://www.finanznachrichten.de/nachrichten-aktien/ynvisible-interactive-inc.htm
Hive-blockchain-tech,https://www.finanznachrichten.de/nachrichten-aktien/hive-blockchain-technologies-ltd.htm
Noram-ventures,https://www.finanznachrichten.de/nachrichten-aktien/noram-ventures-inc.htm
Palantir-tech,https://www.finanznachrichten.de/nachrichten-aktien/palantir-technologies-inc.htm
Aphria,https://www.finanznachrichten.de/nachrichten-aktien/aphria-inc.htm
Everfuel,https://www.finanznachrichten.de/nachrichten-aktien/everfuel-a-s.htm
Bionano-genomics,https://www.finanznachrichten.de/nachrichten-aktien/bionano-genomics-inc.htm
Curevac,https://www.finanznachrichten.de/nachrichten-aktien/curevac-nv.htm
Tilray,https://www.finanznachrichten.de/nachrichten-aktien/tilray-inc.htm
Hexagon-purus,https://www.finanznachrichten.de/nachrichten-aktien/hexagon-purus-as.htm
Core-one-labs,https://www.finanznachrichten.de/nachrichten-aktien/core-one-labs-inc.htm
Ocugen,https://www.finanznachrichten.de/nachrichten-aktien/ocugen-inc.htm
Exela-tech,https://www.finanznachrichten.de/nachrichten-aktien/exela-technologies-inc.htm
Havn-life-sciences,https://www.finanznachrichten.de/nachrichten-aktien/havn-life-sciences-inc.htm
Luckin-coffee,https://www.finanznachrichten.de/nachrichten-aktien/luckin-coffee-inc-adr.htm
Arbor-metals,https://www.finanznachrichten.de/nachrichten-aktien/arbor-metals-corp.htm
Nanodimension,https://www.finanznachrichten.de/nachrichten-aktien/nano-dimension-ltd-adr.htm
Newocean-energy,https://www.finanznachrichten.de/nachrichten-aktien/newocean-energy-holdings-ltd.htm
Centaurus-energy,https://www.finanznachrichten.de/nachrichten-aktien/centaurus-energy-inc.htm
Jaguar-health,https://www.finanznachrichten.de/nachrichten-aktien/jaguar-health-inc.htm
Airbnb,https://www.finanznachrichten.de/nachrichten-aktien/airbnb-inc.htm
Infineon,https://www.finanznachrichten.de/nachrichten-aktien/infineon-technologies-ag.htm
Beyond-meat,https://www.finanznachrichten.de/nachrichten-aktien/beyond-meat-inc.htm
Lenovo,https://www.finanznachrichten.de/nachrichten-aktien/lenovo-group-ltd.htm
Arbutus-biopharma,https://www.finanznachrichten.de/nachrichten-aktien/arbutus-biopharma-corporation.htm
Cronos-group-inc,https://www.finanznachrichten.de/nachrichten-aktien/cronos-group-inc.htm
Sernova-corp,https://www.finanznachrichten.de/nachrichten-aktien/sernova-corp.htm
Sirona-corp,https://www.finanznachrichten.de/nachrichten-aktien/sirona-biochem-corp.htm
Village-farms,https://www.finanznachrichten.de/nachrichten-aktien/village-farms-international-inc.htm
Ping-an-insurance,https://www.finanznachrichten.de/nachrichten-aktien/ping-an-insurance-group-co-of-china-ltd.htm
Proton-motor-power-systems,https://www.finanznachrichten.de/nachrichten-aktien/proton-motor-power-systems-plc.htm
Ceres-power-holdings-plc,https://www.finanznachrichten.de/nachrichten-aktien/ceres-power-holdings-plc.htm
Impact-coatings,https://www.finanznachrichten.de/nachrichten-aktien/impact-coatings-ab.htm
Fagerhult,https://www.finanznachrichten.de/nachrichten-aktien/fagerhult-ab.htm
Applied-dna-science,https://www.finanznachrichten.de/nachrichten-aktien/applied-dna-sciences-inc.htm
Cassava-sciences,https://www.finanznachrichten.de/nachrichten-aktien/cassava-sciences-inc.htm
Overstock-com,https://www.finanznachrichten.de/nachrichten-aktien/overstock-com-inc.htm
T2-biosystems,https://www.finanznachrichten.de/nachrichten-aktien/t2-biosystems-inc.htm
Neutrisci-international,https://www.finanznachrichten.de/nachrichten-aktien/neutrisci-international-inc.htm


